﻿<?xml version="1.0" encoding="utf-8" ?>
<c2eventsheet>
    <!--All the 'name' attributes are ignored by Construct 2 - they are there for readability only.-->
    <name>Event sheet 1</name>
    <events>
        <event-block sid="9338744803015756">
            <conditions>
                <condition id="-2" name="On start of layout" sid="5875335705158194" type="System" />
            </conditions>
            <actions>
                <action behavior="Pin" id="0" name="Pin to object" sid="2114870545056415" type="Piernas">
                    <param id="0" name="Pin to">Azcar</param>
                    <param id="1" name="Mode">0</param>
                </action>
                <action behavior="Pin" id="0" name="Pin to object" sid="8050399532172221" type="Torso">
                    <param id="0" name="Pin to">Azcar</param>
                    <param id="1" name="Mode">0</param>
                </action>
            </actions>
        </event-block>
        <event-block sid="637588818236398">
            <conditions>
                <condition behavior="Platform" id="8" name="On moved" sid="5219718917728497" type="Azcar" />
            </conditions>
            <actions>
                <action id="4" name="Set animation" sid="4910175002194074" type="Piernas">
                    <param id="0" name="Animation">&quot;Andando&quot;</param>
                    <param id="1" name="From">1</param>
                </action>
            </actions>
        </event-block>
        <event-block sid="3025409288622301">
            <conditions>
                <condition behavior="Platform" id="7" name="On stopped" sid="8577782804578886" type="Azcar" />
            </conditions>
            <actions>
                <action id="4" name="Set animation" sid="8614073902350517" type="Piernas">
                    <param id="0" name="Animation">&quot;Parado&quot;</param>
                    <param id="1" name="From">1</param>
                </action>
            </actions>
        </event-block>
        <event-block sid="4483799105016968">
            <conditions>
                <condition id="3" name="On key released" sid="724647266500191" type="Keyboard">
                    <param id="0" name="Key">32 (Barra Espaciadora)</param>
                </condition>
            </conditions>
            <actions>
                <action id="4" name="Set animation" sid="8304884898539387" type="Torso">
                    <param id="0" name="Animation">&quot;Golpea&quot;</param>
                    <param id="1" name="From">1</param>
                </action>
                <action id="3" name="Start" sid="5316713091004923" type="Torso">
                    <param id="0" name="From">1</param>
                </action>
            </actions>
        </event-block>
        <event-block sid="1466696352678641">
            <conditions>
                <condition id="2" name="Key is down" sid="9567635295694168" type="Keyboard">
                    <param id="0" name="Key">37 (Left arrow)</param>
                </condition>
            </conditions>
            <actions>
                <action id="7" name="Set mirrored" sid="7673589036681757" type="Torso">
                    <param id="0" name="State">0</param>
                </action>
                <action id="7" name="Set mirrored" sid="2286787967911082" type="Piernas">
                    <param id="0" name="State">0</param>
                </action>
            </actions>
        </event-block>
        <event-block sid="4037062297282784">
            <conditions>
                <condition id="2" name="Key is down" sid="2978510372887766" type="Keyboard">
                    <param id="0" name="Key">39 (Right arrow)</param>
                </condition>
            </conditions>
            <actions>
                <action id="7" name="Set mirrored" sid="7344554663836675" type="Torso">
                    <param id="0" name="State">1</param>
                </action>
                <action id="7" name="Set mirrored" sid="1710629161198955" type="Piernas">
                    <param id="0" name="State">1</param>
                </action>
            </actions>
        </event-block>
        <event-block sid="8591694124376815">
            <conditions>
                <condition id="-3" name="Is on-screen" sid="7926284433586463" type="Sprite3" />
            </conditions>
            <actions>
                <action id="-17" name="Move forward" sid="1556071567497784" type="Sprite3">
                    <param id="0" name="Distance">-1</param>
                </action>
            </actions>
        </event-block>
        <event-block sid="4729639704143111">
            <conditions>
                <condition id="-3" name="Is on-screen" sid="245843082658676" type="Culo" />
            </conditions>
            <actions>
                <action id="-17" name="Move forward" sid="7153796702674471" type="Culo">
                    <param id="0" name="Distance">-1</param>
                </action>
            </actions>
        </event-block>
    </events>
</c2eventsheet>
