﻿<?xml version="1.0" encoding="utf-8" ?>
<c2eventsheet>
    <!--All the 'name' attributes are ignored by Construct 2 - they are there for readability only.-->
    <name>Event sheet 1</name>
    <events>
        <event-block sid="2634944414520926">
            <conditions>
                <condition id="-2" name="On start of layout" sid="3674319714086557" type="System" />
            </conditions>
            <actions>
                <action behavior="Pin" id="0" name="Pin to object" sid="8674903197881333" type="Piernas">
                    <param id="0" name="Pin to">Azcar</param>
                    <param id="1" name="Mode">0</param>
                </action>
                <action behavior="Pin" id="0" name="Pin to object" sid="3062556871269718" type="Torso">
                    <param id="0" name="Pin to">Azcar</param>
                    <param id="1" name="Mode">0</param>
                </action>
            </actions>
        </event-block>
        <event-block sid="4868992448000225">
            <conditions>
                <condition behavior="Platform" id="8" name="On moved" sid="2390881586512629" type="Azcar" />
            </conditions>
            <actions>
                <action id="4" name="Set animation" sid="5056913384935357" type="Piernas">
                    <param id="0" name="Animation">&quot;Andando&quot;</param>
                    <param id="1" name="From">1</param>
                </action>
            </actions>
        </event-block>
        <event-block sid="6186154243333312">
            <conditions>
                <condition behavior="Platform" id="7" name="On stopped" sid="9780780905102108" type="Azcar" />
            </conditions>
            <actions>
                <action id="4" name="Set animation" sid="6187520109546649" type="Piernas">
                    <param id="0" name="Animation">&quot;Parado&quot;</param>
                    <param id="1" name="From">1</param>
                </action>
            </actions>
        </event-block>
        <event-block sid="140342443551197">
            <conditions>
                <condition id="3" name="On key released" sid="7940239080555421" type="Keyboard">
                    <param id="0" name="Key">32 (Barra Espaciadora)</param>
                </condition>
            </conditions>
            <actions>
                <action id="4" name="Set animation" sid="6407472077029786" type="Torso">
                    <param id="0" name="Animation">&quot;Golpea&quot;</param>
                    <param id="1" name="From">1</param>
                </action>
                <action id="3" name="Start" sid="8486781178109818" type="Torso">
                    <param id="0" name="From">1</param>
                </action>
            </actions>
        </event-block>
        <event-block sid="7813952044643764">
            <conditions>
                <condition id="2" name="Key is down" sid="2185324312103081" type="Keyboard">
                    <param id="0" name="Key">37 (Left arrow)</param>
                </condition>
            </conditions>
            <actions>
                <action id="7" name="Set mirrored" sid="739507236827714" type="Torso">
                    <param id="0" name="State">0</param>
                </action>
                <action id="7" name="Set mirrored" sid="8891772982898323" type="Piernas">
                    <param id="0" name="State">0</param>
                </action>
            </actions>
        </event-block>
        <event-block sid="1827296682155198">
            <conditions>
                <condition id="2" name="Key is down" sid="2866057500595243" type="Keyboard">
                    <param id="0" name="Key">39 (Right arrow)</param>
                </condition>
            </conditions>
            <actions>
                <action id="7" name="Set mirrored" sid="2693705191649701" type="Torso">
                    <param id="0" name="State">1</param>
                </action>
                <action id="7" name="Set mirrored" sid="3730598171365697" type="Piernas">
                    <param id="0" name="State">1</param>
                </action>
            </actions>
        </event-block>
        <event-block sid="2625329829203022">
            <conditions>
                <condition id="-3" name="Is on-screen" sid="5869956292293604" type="Sprite3" />
            </conditions>
            <actions>
                <action id="-17" name="Move forward" sid="5758517891399335" type="Sprite3">
                    <param id="0" name="Distance">-1</param>
                </action>
            </actions>
        </event-block>
        <event-block sid="9792253373855794">
            <conditions>
                <condition id="-3" name="Is on-screen" sid="8743296148125115" type="Culo" />
            </conditions>
            <actions>
                <action id="-17" name="Move forward" sid="9216310628933118" type="Culo">
                    <param id="0" name="Distance">-1</param>
                </action>
            </actions>
        </event-block>
    </events>
</c2eventsheet>
